height,diameter,weight,hue
0.10085325871588, 0.10347665370087, 0.66000055127054, 3.1061777201591
0.097520805629366, 0.1201052695695, 0.75, 1.4520706957674
0.070973086761957, 0.088622489628388, 0.10604947426549, 3.5044594187921
0.11843514045485, 0.15, 0.33839714871863, 5.6111022342157
